{
    "accuracy": 0.7467532467532467,
    "mse": 0.2532467532467532,
    "cross_entropy_loss": 0.473647804518858,
    "precision": 0.7317073170731707,
    "recall": 0.5172413793103449,
    "f1_score": 0.606060606060606,
    "auc": -0.8424928160919543
}