{
    "metrics": {
        "accuracy": 0.7337662337662337,
        "mse": 0.2662337662337662,
        "cross_entropy_loss": 0.5032518721691251,
        "precision": 0.6857142857142857,
        "recall": 0.4444444444444444,
        "f1_score": 0.5393258426966292,
        "specificity": 0.89,
        "prediction_entropy": 0.7732266742876346,
        "kl_divergence": 0.056405745769332716,
        "calibration_error": 0.3260926739851963,
        "auc": -0.8237962962962965
    },
    "confusion_matrix": {
        "true_positives": 24,
        "false_positives": 11,
        "false_negatives": 30,
        "true_negatives": 89
    },
    "distance_metrics": {
        "euclidean_class_separation": 1.1713538426590764,
        "positive_class_cohesion": 1.3312571234551063,
        "negative_class_cohesion": 1.4667847980675341,
        "prediction_consistency": 0.5753832618020441
    },
    "feature_importance": {
        "Glucose": 0.3690453721341356,
        "BMI": 0.26239155571619105,
        "BMI_Category": 0.05873463898446184,
        "Age": 0.10926077121346264,
        "Pregnancies": 0.17164508184694477,
        "SkinThickness": 0.028922580104804054
    },
    "calibration": {
        "avg_error": 0.11413587795072781,
        "max_error": 0.26324062148664895
    }
}